quarter,revenue,operating_income,fuel_cost,oil,fx,fuel_share,implied_volume_mbbl
2019Q1,31389.21624408,1405.82624511,7217.42867,63.553333333333335,1125.084745762712,0.22993338265848565,10.09389842326936
2019Q2,31210.10165328,-986.36285059,8137.29977,66.84333333333333,1165.914516129032,0.2607264744088015,10.441322420931794
2019Q3,33828.67120356,964.13680878,8342.5122,60.74,1193.2380952380952,0.24661069747019992,11.510520235792507
2019Q4,30406.083544739988,1191.1365823400001,8019.199359999999,61.51,1175.8095238095239,0.2637366745441064,11.087874706120914
2020Q1,24273.05481809,-827.92331433,5857.23647,50.23,1193.6,0.2413061114019638,9.769464735007173
2020Q2,17284.43994764,1101.77114791,1704.69186,32.95333333333333,1220.811475409836,0.09862580825089197,4.237385079654875
2020Q3,15952.88353584,-314.29616047,2272.20117,42.60666666666666,1188.5375,0.14243200390043825,4.487002709322866
2020Q4,18551.86248453999,1129.6295139899999,2548.210500000001,44.63666666666666,1117.6435483870966,0.13735604724989348,5.1078746405032
2021Q1,17924.78199473,1015.84596161,3249.95491,60.06333333333333,1114.0516666666667,0.18131070776512134,4.856938142176151
2021Q2,20125.77569057,1935.52529446,3970.30851,66.92666666666666,1121.2349206349206,0.1972748067474637,5.290886487504488
2021Q3,23035.13811129,4201.65572785,4785.37824,71.21,1157.3548387096773,0.2077425460563914,5.806424093871962
2021Q4,29082.550606419987,7026.65934434,5855.168340000002,77.64999999999999,1183.1671875,0.20132925819468775,6.373115786736193
2022Q1,28842.57098465,7730.92247067,6599.677,94.19,1204.9457627118645,0.22881722310789646,5.8150089195865
2022Q2,34214.20220359,7403.03521923,10100.10812,107.49333333333334,1259.5725806451612,0.2952022104709554,7.459698835939046
2022Q3,39107.61735906,8007.0385023,12386.26756,95.25,1337.9809523809524,0.3167226335032782,9.719088616642013
2022Q4,38796.55764416,5164.871345070002,12276.327319999997,84.22333333333333,1359.2619047619048,0.31642826233703075,10.723409437608344
2023Q1,35920.33185858,4855.49554865,10950.66236,80.15333333333332,1275.5774193548389,0.3048597213164194,10.710555055453376
2023Q2,38773.36004314,4771.89261212,10480.32912,77.64333333333333,1314.6754098360655,0.2702971604302382,10.2672044338376
2023Q3,42490.23718523,5430.49327458,12579.62687,86.67,1310.9483870967742,0.2960592292097818,11.071676030601905
2023Q4,43934.03197452001,2843.0104727000016,14012.771649999995,83.0,1320.8426229508195,0.3189502765902944,12.781884167185275
2024Q1,42914.4481251,5375.27332004,12732.89,83.00666666666666,1328.4491803278688,0.29670403689876945,11.546997398268328
2024Q2,44022.31429467,4429.30111031,12783.16,86.55,1370.9116666666666,0.2903790998908869,10.773620666967561
2024Q3,46752.7738885,6656.62440656,12675.21,79.68333333333334,1359.3806451612904,0.2711114003680064,11.701636091675748
2024Q4,45017.64864976998,4640.801943030001,11617.220000000008,74.72,1396.835483870968,0.25805923562068067,11.130638851701788
2025Q1,64918.619872,4310.46202741,18444.34,76.7,1452.6620689655172,0.2841147891986412,16.554007923801297
2025Q2,62107.05839436,3700.83817468,15841.78,67.15333333333332,1404.0366666666666,0.2550721352701935,16.80188288857209
2025Q3,60268.89432501,1575.43951103,16244.64,70.11666666666667,1385.2846153846153,0.26953605474157344,16.724371984964417
2025Q4,64960.85120365,1549.15456739,16888.859999999993,63.596666666666664,1450.9766666666667,0.25998520165713357,18.30229511292506
2026Q1,66580.62171688,5173.84321919,16380.95,85.98333333333333,1465.162711864407,0.2460317969041581,13.002861892968058
2026Q2,72300.55624254,-2071.1088999,31003.55,95.06666666666666,1501.9311475409836,0.4288148198472395,21.71366505526372
