quarter,pax,cargo,pax_m,cargo_kt
2019Q1,1670951,139649917,1.671,139.6
2019Q2,1720934,141936192,1.721,141.9
2019Q3,1723379,146687232,1.723,146.7
2019Q4,1708994,161429062,1.709,161.4
2020Q1,940670,146471200,0.941,146.5
2020Q2,26358,157763144,0.026,157.8
2020Q3,73908,178635889,0.074,178.6
2020Q4,70432,195248137,0.07,195.2
2021Q1,69880,182934467,0.07,182.9
2021Q2,67546,193470076,0.068,193.5
2021Q3,119650,202397248,0.12,202.4
2021Q4,136482,204656109,0.136,204.7
2022Q1,114385,187513295,0.114,187.5
2022Q2,285365,179506103,0.285,179.5
2022Q3,537742,157800324,0.538,157.8
2022Q4,730957,147814154,0.731,147.8
2023Q1,901378,134319077,0.901,134.3
2023Q2,1078903,137879887,1.079,137.9
2023Q3,1299353,153549491,1.299,153.5
2023Q4,1428987,161364246,1.429,161.4
2024Q1,1448183,156234439,1.448,156.2
2024Q2,1469945,160196787,1.47,160.2
2024Q3,1555127,162092277,1.555,162.1
2024Q4,1659470,166555909,1.659,166.6
2025Q1,3100614,83323014,3.101,83.3
2025Q2,2972463,87283423,2.972,87.3
2025Q3,3053795,68127208,3.054,68.1
2025Q4,3094075,64896850,3.094,64.9
2026Q1,2985953,65278530,2.986,65.3
2026Q2,2931439,63427485,2.931,63.4
